;Runden_gesamt;Don;Flo;Gero;Marco;Toni;Juergen;Frind;Majo;Domi;Elias;Tobi;;;;;;;;;;
3.1.;1;0;0;;1;0;;;;;;;;;;;;;;;;
3.1.;2;0;1;;0;0;;;;;;;;;;;;;;;;
3.1.;3;1;0;;0;0;;;;;;;;;;;;;;;;
3.1.;4;0;0;;1;0;;;;;;;;;;;;;;;;
3.1.;5;0;0;;2;2;;;;;;;;;;;;;;;;
3.1.;6;0;0;;0;1;;;;;;;;;;;;;;;;
3.1.;7;2;2;;0;0;;;;;;;;;;;;;;;;
3.1.;8;0;0;;1;0;;;;;;;;;;;;;;;;
3.1.;9;0;1;;0;0;;;;;;;;;;;;;;;;
3.1.;10;0;0;;0;1;;;;;;;;;;;;;;;;
3.1.;11;0;1;;0;0;;;;;;;;;;;;;;;;
3.1.;12;1;0;;0;0;;;;;;;;;;;;;;;;
3.1.;13;0;0;;0;1;;;;;;;;;;;;;;;;
3.1.;14;0;1;;0;0;;;;;;;;;;;;;;;;
3.1.;15;0;0;;1;0;;;;;;;;;;;;;;;;
3.1.;16;0;0;;0;1;;;;;;;;;;;;;;;;
3.1.;17;0;1;;0;0;;;;;;;;;;;;;;;;
3.1.;18;0;0;;0;1;;;;;;;;;;;;;;;;
3.1.;19;1;0;;0;0;;;;;;;;;;;;;;;;
3.1.;20;0;1;;0;0;;;;;;;;;;;;;;;;
3.1.;21;0;1;;0;0;;;;;;;;;;;;;;;;
3.1.;22;0;0;;0;1;;;;;;;;;;;;;;;;
3.1.;23;1;0;;0;0;;;;;;;;;;;;;;;;
3.1.;24;1;0;;0;0;;;;;;;;;;;;;;;;
3.1.;25;1;0;;0;0;;;;;;;;;;;;;;;;
3.1.;26;0;1;;0;0;;;;;;;;;;;;;;;;
3.1.;27;1;0;;0;0;;;;;;;;;;;;;;;;
3.1.;28;0;0;;1;0;;;;;;;;;;;;;;;;
3.1.;29;1;0;;0;0;;;;;;;;;;;;;;;;
3.1.;30;0;0;;1;0;;;;;;;;;;;;;;;;
3.1.;31;0;0;;1;0;;;;;;;;;;;;;;;;
3.1.;32;0;0;;1;0;;;;;;;;;;;;;;;;
3.1.;33;0;0;;0;1;;;;;;;;;;;;;;;;
3.1.;34;1;0;;0;0;;;;;;;;;;;;;;;;
3.1.;35;1;0;;0;0;;;;;;;;;;;;;;;;
3.1.;36;0;1;;0;0;;;;;;;;;;;;;;;;
3.1.;37;1;0;;0;0;;;;;;;;;;;;;;;;
4.1.;38;0;0;0;1;0;;;;;;;;;;;;;;;;
4.1.;39;0;1;0;;0;;;;;;;;;;;;;;;;
4.1.;40;0;0;0;0;1;;;;;;;;;;;;;;;;
4.1.;41;0;1;0;0;0;;;;;;;;;;;;;;;;
4.1.;42;0;0;0;1;0;;;;;;;;;;;;;;;;
4.1.;43;0;1;0;0;0;;;;;;;;;;;;;;;;
4.1.;44;0;0;0;1;0;;;;;;;;;;;;;;;;
4.1.;45;1;0;0;0;0;;;;;;;;;;;;;;;;
4.1.;46;0;0;0;1;0;;;;;;;;;;;;;;;;
4.1.;47;0;1;0;0;0;;;;;;;;;;;;;;;;
4.1.;48;0;0;1;0;0;;;;;;;;;;;;;;;;
4.1.;49;0;0;1;0;0;;;;;;;;;;;;;;;;
4.1.;50;0;0;1;0;0;;;;;;;;;;;;;;;;
4.1.;51;0;0;;0;1;;;;;;;;;;;;;;;;
4.1.;52;0;0;0;1;0;;;;;;;;;;;;;;;;
4.1.;53;1;0;0;0;0;;;;;;;;;;;;;;;;
4.1.;54;1;0;0;0;0;;;;;;;;;;;;;;;;
4.1.;55;0;1;0;0;0;;;;;;;;;;;;;;;;
4.1.;56;0;0;0;1;0;;;;;;;;;;;;;;;;
4.1.;57;0;0;1;0;0;;;;;;;;;;;;;;;;
1.2.;58;0;;0;1;0;;;;;;;;;;;;;;;;
1.2.;59;1;;0;0;0;;;;;;;;;;;;;;;;
1.2.;60;0;;1;0;0;;;;;;;;;;;;;;;;
1.2.;61;0;;1;0;0;;;;;;;;;;;;;;;;
1.2.;62;1;;0;0;0;;;;;;;;;;;;;;;;
1.2.;63;0;;0;1;0;;;;;;;;;;;;;;;;
1.2.;64;0;;0;0;1;;;;;;;;;;;;;;;;
1.2.;65;1;;0;0;0;;;;;;;;;;;;;;;;
1.2.;66;0;;0;1;0;;;;;;;;;;;;;;;;
1.2.;67;0;;1;0;0;;;;;;;;;;;;;;;;
1.2.;68;1;;0;0;0;;;;;;;;;;;;;;;;
1.2.;69;0;;0;1;0;;;;;;;;;;;;;;;;
1.2.;70;0;;0;1;0;;;;;;;;;;;;;;;;
1.2.;71;0;;0;0;1;;;;;;;;;;;;;;;;
1.2.;72;0;;0;0;1;;;;;;;;;;;;;;;;
1.2.;73;0;;0;1;0;;;;;;;;;;;;;;;;
1.2.;74;1;;0;0;0;;;;;;;;;;;;;;;;
1.2.;75;0;;0;1;0;;;;;;;;;;;;;;;;
1.2.;76;1;;0;0;0;;;;;;;;;;;;;;;;
1.2.;77;0;;1;0;0;;;;;;;;;;;;;;;;
1.2.;78;1;;0;0;0;;;;;;;;;;;;;;;;
1.2.;79;0;;0;1;0;;;;;;;;;;;;;;;;
1.2.;80;0;;1;0;0;;;;;;;;;;;;;;;;
1.2.;81;0;;0;0;1;;;;;;;;;;;;;;;;
1.2.;82;1;;0;0;0;;;;;;;;;;;;;;;;
1.2.;83;0;;0;1;0;;;;;;;;;;;;;;;;
1.2.;84;0;;0;1;0;;;;;;;;;;;;;;;;
1.2.;85;0;;0;0;1;;;;;;;;;;;;;;;;
1.2.;86;0;;0;0;1;;;;;;;;;;;;;;;;
1.2.;87;0;;1;0;0;;;;;;;;;;;;;;;;
1.2.;88;0;;0;1;0;;;;;;;;;;;;;;;;
1.2.;89;1;;0;0;0;;;;;;;;;;;;;;;;
1.2.;90;0;;0;1;0;;;;;;;;;;;;;;;;
1.2.;91;1;;0;0;0;;;;;;;;;;;;;;;;
1.2.;92;0;;1;0;0;;;;;;;;;;;;;;;;
1.2.;93;0;;0;1;0;;;;;;;;;;;;;;;;
1.2.;94;0;;0;0;1;;;;;;;;;;;;;;;;
1.2.;95;0;;0;0;1;;;;;;;;;;;;;;;;
1.2.;96;0;;0;0;0;1;;;;;;;;;;;;;;;
1.2.;97;0;;1;0;0;0;;;;;;;;;;;;;;;
1.2.;98;0;;0;0;1;0;;;;;;;;;;;;;;;
1.2.;99;1;;0;0;0;0;;;;;;;;;;;;;;;
1.2.;100;0;;0;0;0;1;;;;;;;;;;;;;;;
1.2.;101;0;;2;2;0;0;;;;;;;;;;;;;;;
1.2.;102;0;;1;0;0;0;;;;;;;;;;;;;;;
1.2.;103;0;;1;0;0;0;;;;;;;;;;;;;;;
14.2.;104;0;1;;;0;;;;;;;;;;;;;;;;
14.2.;105;0;0;;;1;;;;;;;;;;;;;;;;
14.2.;106;0;1;;;0;;;;;;;;;;;;;;;;
14.2.;107;0;1;;;0;;;;;;;;;;;;;;;;
14.2.;108;0;0;;;1;;;;;;;;;;;;;;;;
14.2.;109;1;0;;;0;;;;;;;;;;;;;;;;
14.2.;110;1;0;;;0;;;;;;;;;;;;;;;;
14.2.;111;1;0;;;0;;;;;;;;;;;;;;;;
14.2.;112;1;0;;;0;;;;;;;;;;;;;;;;
14.2.;113;1;0;;;0;;;;;;;;;;;;;;;;
14.2.;114;1;0;;;0;;;;;;;;;;;;;;;;
14.2.;115;0;0;;;1;;;;;;;;;;;;;;;;
14.2.;116;0;1;;;0;;;;;;;;;;;;;;;;
14.2.;117;0;0;;;1;;;;;;;;;;;;;;;;
14.2.;118;1;0;;;0;;;;;;;;;;;;;;;;
14.2.;119;0;1;;;0;;;;;;;;;;;;;;;;
14.2.;120;0;1;;;0;;;;;;;;;;;;;;;;
14.2.;121;1;0;;;0;;;;;;;;;;;;;;;;
14.2.;122;1;0;;;0;;;;;;;;;;;;;;;;
14.2.;123;1;0;;;0;;;;;;;;;;;;;;;;
15.2.;124;;0;;0;1;;;;;;;;;;;;;;;;
15.2.;125;;0;;0;1;;;;;;;;;;;;;;;;
15.2.;126;;1;;0;0;;;;;;;;;;;;;;;;
15.2.;127;;0;;0;1;;;;;;;;;;;;;;;;
15.2.;128;;0;;0;1;;;;;;;;;;;;;;;;
15.2.;129;;1;;0;0;;;;;;;;;;;;;;;;
15.2.;130;;0;;0;1;;;;;;;;;;;;;;;;
15.2.;131;;0;;0;1;;;;;;;;;;;;;;;;
15.2.;132;;1;;0;0;;;;;;;;;;;;;;;;
15.2.;133;;0;;0;1;;;;;;;;;;;;;;;;
29.2.;134;0;0;0;1;0;;;;;;;;;;;;;;;;
29.2.;135;0;1;0;0;0;;;;;;;;;;;;;;;;
29.2.;136;0;0;0;0;1;;;;;;;;;;;;;;;;
29.2.;137;0;0;0;0;1;;;;;;;;;;;;;;;;
29.2.;138;0;0;0;0;1;;;;;;;;;;;;;;;;
29.2.;139;0;0;1;0;0;;;;;;;;;;;;;;;;
29.2.;140;1;0;0;0;0;;;;;;;;;;;;;;;;
29.2.;141;0;1;0;0;0;;;;;;;;;;;;;;;;
29.2.;142;1;0;0;0;0;;;;;;;;;;;;;;;;
29.2.;143;1;0;0;0;0;;;;;;;;;;;;;;;;
29.2.;144;0;0;1;0;0;;;;;;;;;;;;;;;;
29.2.;145;0;0;1;0;0;;;;;;;;;;;;;;;;
29.2.;146;0;0;0;0;1;;;;;;;;;;;;;;;;
29.2.;147;0;0;1;0;0;;;;;;;;;;;;;;;;
29.2.;148;0;0;1;0;0;;;;;;;;;;;;;;;;
29.2.;149;0;0;0;1;0;;;;;;;;;;;;;;;;
29.2.;150;1;0;0;0;0;;;;;;;;;;;;;;;;
29.2.;151;1;0;0;0;0;;;;;;;;;;;;;;;;
29.2.;152;0;0;0;1;0;;;;;;;;;;;;;;;;
29.2.;153;0;0;1;0;0;;;;;;;;;;;;;;;;
29.2.;154;0;0;0;1;0;;;;;;;;;;;;;;;;
29.2.;155;1;0;0;0;0;;;;;;;;;;;;;;;;
29.2.;156;0;0;1;0;0;;;;;;;;;;;;;;;;
29.2.;157;0;0;0;0;1;;;;;;;;;;;;;;;;
29.2.;158;0;1;0;0;0;;;;;;;;;;;;;;;;
29.2.;159;0;0;0;2;2;;;;;;;;;;;;;;;;
29.2.;160;0;0;0;0;1;;;;;;;;;;;;;;;;
29.2.;161;0;1;0;0;0;;;;;;;;;;;;;;;;
29.2.;162;1;0;0;0;0;;;;;;;;;;;;;;;;
29.2.;163;1;0;0;0;0;;;;;;;;;;;;;;;;
29.2.;164;0;0;0;1;0;;;;;;;;;;;;;;;;
29.2.;165;1;0;0;0;0;;;;;;;;;;;;;;;;
29.2.;166;0;0;1;0;0;;;;;;;;;;;;;;;;
29.2.;167;0;0;1;0;0;;;;;;;;;;;;;;;;
29.2.;168;1;0;0;0;0;;;;;;;;;;;;;;;;
29.2.;169;0;0;0;1;0;;;;;;;;;;;;;;;;
29.2.;170;0;0;0;1;0;;;;;;;;;;;;;;;;
29.2.;171;0;1;0;0;0;;;;;;;;;;;;;;;;
29.2.;172;0;0;0;1;0;;;;;;;;;;;;;;;;
29.2.;173;0;0;0;0;1;;;;;;;;;;;;;;;;
29.2.;174;0;1;0;0;0;;;;;;;;;;;;;;;;
29.2.;175;0;1;0;0;0;;;;;;;;;;;;;;;;
29.2.;176;0;1;0;0;0;;;;;;;;;;;;;;;;
29.2.;177;0;0;1;0;0;;;;;;;;;;;;;;;;
29.2.;178;0;1;0;0;0;;;;;;;;;;;;;;;;
29.2.;179;0;0;1;0;0;;;;;;;;;;;;;;;;
29.2.;180;1;0;0;0;0;;;;;;;;;;;;;;;;
29.2.;181;0;0;1;0;0;;;;;;;;;;;;;;;;
29.2.;182;0;1;0;0;0;;;;;;;;;;;;;;;;
29.2.;183;0;0;0;0;1;;;;;;;;;;;;;;;;
29.2.;184;0;0;0;1;0;;;;;;;;;;;;;;;;
14.3.;185;1;;;0;0;;;;;;;;;;;;;;;;
14.3.;186;1;;;0;0;;;;;;;;;;;;;;;;
14.3.;187;0;;;0;1;;;;;;;;;;;;;;;;
14.3.;188;0;;;0;1;;;;;;;;;;;;;;;;
14.3.;189;1;;;0;0;;;;;;;;;;;;;;;;
14.3.;190;1;;;0;0;;;;;;;;;;;;;;;;
14.3.;191;0;;;0;1;;;;;;;;;;;;;;;;
14.3.;192;0;;;1;0;;;;;;;;;;;;;;;;
14.3.;193;0;;;1;0;;;;;;;;;;;;;;;;
14.3.;194;0;;;1;0;;;;;;;;;;;;;;;;
14.3.;195;0;;;0;1;;;;;;;;;;;;;;;;
14.3.;196;1;;;0;0;;;;;;;;;;;;;;;;
14.3.;197;0;;;0;1;;;;;;;;;;;;;;;;
14.3.;198;1;;;0;0;;;;;;;;;;;;;;;;
14.3.;199;0;;;1;0;;;;;;;;;;;;;;;;
14.3.;200;1;;;0;0;;;;;;;;;;;;;;;;
14.3.;201;0;;;1;0;;;;;;;;;;;;;;;;
14.3.;202;2;;;2;0;;;;;;;;;;;;;;;;
14.3.;203;0;;;0;1;;;;;;;;;;;;;;;;
14.3.;204;1;;;0;0;;;;;;;;;;;;;;;;
14.3.;205;1;;;0;0;;;;;;;;;;;;;;;;
14.3.;206;0;;;1;0;;;;;;;;;;;;;;;;
14.3.;207;0;;;1;0;;;;;;;;;;;;;;;;
14.3.;208;0;;;1;0;;;;;;;;;;;;;;;;
14.3.;209;1;;;0;0;;;;;;;;;;;;;;;;
14.3.;210;1;;;0;0;;;;;;;;;;;;;;;;
14.3.;211;1;;;0;0;;;;;;;;;;;;;;;;
14.3.;212;0;;;1;0;;;;;;;;;;;;;;;;
14.3.;213;1;;;0;0;;;;;;;;;;;;;;;;
14.3.;214;0;;;0;1;;;;;;;;;;;;;;;;
14.3.;215;0;;;1;0;;;;;;;;;;;;;;;;
14.3.;216;0;;;1;0;;;;;;;;;;;;;;;;
14.3.;217;0;;;0;1;;;;;;;;;;;;;;;;
14.3.;218;0;;;1;0;;;;;;;;;;;;;;;;
14.3.;219;0;;;0;1;;;;;;;;;;;;;;;;
14.3.;220;0;;;0;1;;;;;;;;;;;;;;;;
14.3.;221;0;;;1;0;;;;;;;;;;;;;;;;
14.3.;222;1;;;0;0;;;;;;;;;;;;;;;;
14.3.;223;1;;;0;0;;;;;;;;;;;;;;;;
14.3.;224;0;;;1;0;;;;;;;;;;;;;;;;
14.3.;225;0;;;1;0;;;;;;;;;;;;;;;;
14.3.;226;2;;;2;0;;;;;;;;;;;;;;;;
14.3.;227;1;;;0;0;;;;;;;;;;;;;;;;
14.3.;228;0;;;0;1;;;;;;;;;;;;;;;;
14.3.;229;1;;;0;0;;;;;;;;;;;;;;;;
14.3.;230;0;;;0;1;;;;;;;;;;;;;;;;
14.3.;231;0;;;1;0;;;;;;;;;;;;;;;;
14.3.;232;1;;;0;0;;;;;;;;;;;;;;;;
14.3.;233;0;;;1;0;;;;;;;;;;;;;;;;
14.3.;234;1;;;0;0;;;;;;;;;;;;;;;;
14.3.;235;0;;;1;0;;;;;;;;;;;;;;;;
14.3.;236;0;;;1;0;;;;;;;;;;;;;;;;
14.3.;237;0;;;1;0;;;;;;;;;;;;;;;;
14.3.;238;1;;;0;0;;;;;;;;;;;;;;;;
9.5.;239;0;;;1;0;;;;;;;;;;;;;;;;
9.5.;240;1;;;0;0;;;;;;;;;;;;;;;;
9.5.;241;0;;;0;1;;;;;;;;;;;;;;;;
9.5.;242;1;;;0;0;;;;;;;;;;;;;;;;
9.5.;243;0;;;0;1;;;;;;;;;;;;;;;;
9.5.;244;0;;;0;1;;;;;;;;;;;;;;;;
9.5.;245;0;;;0;1;;;;;;;;;;;;;;;;
9.5.;246;0;;;1;0;;;;;;;;;;;;;;;;
9.5.;247;0;;;2;2;;;;;;;;;;;;;;;;
9.5.;248;0;;;0;1;;;;;;;;;;;;;;;;
9.5.;249;0;;;1;0;;;;;;;;;;;;;;;;
9.5.;250;1;;;0;0;;;;;;;;;;;;;;;;
9.5.;251;1;;;0;0;;;;;;;;;;;;;;;;
9.5.;252;1;;;0;0;;;;;;;;;;;;;;;;
9.5.;253;1;;;0;0;;;;;;;;;;;;;;;;
9.5.;254;1;;;0;0;;;;;;;;;;;;;;;;
9.5.;255;0;;;0;1;;;;;;;;;;;;;;;;
9.5.;256;1;;;0;0;;;;;;;;;;;;;;;;
9.5.;257;1;;;0;0;;;;;;;;;;;;;;;;
9.5.;258;1;;;0;0;;;;;;;;;;;;;;;;
9.5.;259;0;;;0;1;;;;;;;;;;;;;;;;
9.5.;260;1;;;0;0;;;;;;;;;;;;;;;;
9.5.;261;0;;;0;1;;;;;;;;;;;;;;;;
9.5.;262;0;;;0;1;;;;;;;;;;;;;;;;
9.5.;263;1;;;0;0;;;;;;;;;;;;;;;;
9.5.;264;0;;;0;0;;;;;;;;;;;;;;;;
9.5.;265;0;;;0;0;;;;;;;;;;;;;;;;
13.5.;266;1;;;0;0;;;;;;;;;;;;;;;;
13.5.;267;1;;;0;0;;;;;;;;;;;;;;;;
13.5.;268;1;;;0;0;;;;;;;;;;;;;;;;
13.5.;269;0;;;0;1;;;;;;;;;;;;;;;;
13.5.;270;1;;;0;0;;;;;;;;;;;;;;;;
13.5.;271;1;;;0;0;;;;;;;;;;;;;;;;
13.5.;272;0;;;1;0;;;;;;;;;;;;;;;;
13.5.;273;0;;;1;0;;;;;;;;;;;;;;;;
13.5.;274;1;;;0;0;;;;;;;;;;;;;;;;
13.5.;275;1;;;0;0;;;;;;;;;;;;;;;;
13.5.;276;1;;;0;0;;;;;;;;;;;;;;;;
13.5.;277;0;;;0;1;;;;;;;;;;;;;;;;
13.5.;278;0;;;0;1;;;;;;;;;;;;;;;;
13.5.;279;0;;;0;1;;;;;;;;;;;;;;;;
13.5.;280;0;;;0;1;;;;;;;;;;;;;;;;
13.5.;281;0;;;1;0;;;;;;;;;;;;;;;;
13.5.;282;0;;;0;1;;;;;;;;;;;;;;;;
13.5.;283;1;;;0;0;;;;;;;;;;;;;;;;
13.5.;284;0;;;1;0;;;;;;;;;;;;;;;;
13.5.;285;1;;;0;0;;;;;;;;;;;;;;;;
13.5.;286;0;;;1;0;;;;;;;;;;;;;;;;
13.5.;287;0;;;0;1;;;;;;;;;;;;;;;;
13.5.;288;0;;;0;1;;;;;;;;;;;;;;;;
13.5.;289;1;;;0;0;;;;;;;;;;;;;;;;
13.5.;290;0;;;1;0;;;;;;;;;;;;;;;;
13.5.;291;2;;;2;0;;;;;;;;;;;;;;;;
13.5.;292;0;;;0;1;;;;;;;;;;;;;;;;
20.5.;293;1;;;0;0;;;;;;;;;;;;;;;;
20.5.;294;0;;;1;0;;;;;;;;;;;;;;;;
20.5.;295;0;;;1;0;;;;;;;;;;;;;;;;
20.5.;296;0;;;0;1;;;;;;;;;;;;;;;;
20.5.;297;0;;;0;1;;;;;;;;;;;;;;;;
20.5.;298;0;;;0;1;;;;;;;;;;;;;;;;
20.5.;299;1;;;0;0;;;;;;;;;;;;;;;;
20.5.;300;1;;;0;0;;;;;;;;;;;;;;;;
20.5.;301;0;;;0;1;;;;;;;;;;;;;;;;
20.5.;302;0;;;1;0;;;;;;;;;;;;;;;;
20.5.;303;1;;;0;0;;;;;;;;;;;;;;;;
20.5.;304;0;;;1;0;;;;;;;;;;;;;;;;
20.5.;305;1;;;0;0;;;;;;;;;;;;;;;;
20.5.;306;0;;;0;1;;;;;;;;;;;;;;;;
20.5.;307;1;;;0;0;;;;;;;;;;;;;;;;
20.5.;308;1;;;0;0;;;;;;;;;;;;;;;;
20.5.;309;0;;;0;1;;;;;;;;;;;;;;;;
20.5.;310;1;;;0;0;;;;;;;;;;;;;;;;
20.5.;311;0;;;1;0;;;;;;;;;;;;;;;;
20.5.;312;0;;;1;0;;;;;;;;;;;;;;;;
20.5.;313;0;;;0;1;;;;;;;;;;;;;;;;
20.5.;314;1;;;0;0;;;;;;;;;;;;;;;;
20.5.;315;1;;;0;0;;;;;;;;;;;;;;;;
20.5.;316;1;;;0;0;;;;;;;;;;;;;;;;
20.5.;317;0;;;1;0;;;;;;;;;;;;;;;;
20.5.;318;1;;;0;0;;;;;;;;;;;;;;;;
20.5.;319;0;;;0;1;;;;;;;;;;;;;;;;
20.5.;320;1;0;;0;0;;;;;;;;;;;;;;;;
20.5.;321;0;1;;0;0;;;;;;;;;;;;;;;;
20.5.;322;0;1;;0;0;;;;;;;;;;;;;;;;
20.5.;323;0;0;;1;0;;;;;;;;;;;;;;;;
20.5.;324;1;0;;0;0;;;;;;;;;;;;;;;;
20.5.;325;0;0;;1;0;;;;;;;;;;;;;;;;
20.5.;326;0;0;;1;0;;;;;;;;;;;;;;;;
20.5.;327;0;1;;0;0;;;;;;;;;;;;;;;;
20.5.;328;1;0;;0;0;;;;;;;;;;;;;;;;
20.5.;329;2;2;;0;0;;;;;;;;;;;;;;;;
20.5.;330;0;0;;0;1;;;;;;;;;;;;;;;;
20.5.;331;0;1;;0;0;;;;;;;;;;;;;;;;
20.5.;332;0;0;;0;1;;;;;;;;;;;;;;;;
20.5.;333;0;0;;0;1;;;;;;;;;;;;;;;;
20.5.;334;1;0;;0;0;;;;;;;;;;;;;;;;
20.5.;335;0;0;;1;0;;;;;;;;;;;;;;;;
20.5.;336;0;1;;0;0;;;;;;;;;;;;;;;;
20.5.;337;0;1;;0;0;;;;;;;;;;;;;;;;
20.5.;338;0;0;;1;0;;;;;;;;;;;;;;;;
20.5.;339;0;0;;0;1;;;;;;;;;;;;;;;;
20.5.;340;0;1;;0;0;;;;;;;;;;;;;;;;
20.5.;341;0;0;;1;0;;;;;;;;;;;;;;;;
20.5.;342;0;1;;0;0;;;;;;;;;;;;;;;;
20.5.;343;0;0;;0;1;;;;;;;;;;;;;;;;
20.5.;344;1;0;;0;0;;;;;;;;;;;;;;;;
20.5.;345;0;1;;0;0;;;;;;;;;;;;;;;;
20.5.;346;0;0;;1;0;;;;;;;;;;;;;;;;
23.5.;347;0;0;;0;1;;;;;;;;;;;;;;;;
23.5.;348;0;1;;0;0;;;;;;;;;;;;;;;;
23.5.;349;1;0;;0;0;;;;;;;;;;;;;;;;
23.5.;350;0;0;;0;1;;;;;;;;;;;;;;;;
23.5.;351;0;1;;0;0;;;;;;;;;;;;;;;;
23.5.;352;0;1;;0;0;;;;;;;;;;;;;;;;
23.5.;353;0;0;;0;1;;;;;;;;;;;;;;;;
23.5.;354;1;0;;0;0;;;;;;;;;;;;;;;;
23.5.;355;1;0;;0;0;;;;;;;;;;;;;;;;
23.5.;356;0;0;;1;0;;;;;;;;;;;;;;;;
23.5.;357;0;1;;0;0;;;;;;;;;;;;;;;;
23.5.;358;1;0;;0;0;;;;;;;;;;;;;;;;
23.5.;359;0;0;;1;0;;;;;;;;;;;;;;;;
23.5.;360;0;1;;0;0;;;;;;;;;;;;;;;;
23.5.;361;0;0;;0;1;;;;;;;;;;;;;;;;
23.5.;362;0;0;;1;0;;;;;;;;;;;;;;;;
23.5.;363;1;0;;0;0;;;;;;;;;;;;;;;;
23.5.;364;1;0;;0;0;;;;;;;;;;;;;;;;
23.5.;365;0;0;;0;1;;;;;;;;;;;;;;;;
23.5.;366;1;0;;0;0;;;;;;;;;;;;;;;;
23.5.;367;0;0;;1;0;;;;;;;;;;;;;;;;
23.5.;368;0;1;;0;0;;;;;;;;;;;;;;;;
23.5.;369;0;1;;0;0;;;;;;;;;;;;;;;;
23.5.;370;0;1;;0;0;;;;;;;;;;;;;;;;
23.5.;371;0;0;;0;1;;;;;;;;;;;;;;;;
23.5.;372;1;0;;0;0;;;;;;;;;;;;;;;;
23.5.;373;1;0;;0;0;;;;;;;;;;;;;;;;
23.5.;374;1;0;;0;0;;;;;;;;;;;;;;;;
23.5.;375;1;0;;0;0;;;;;;;;;;;;;;;;
23.5.;376;0;1;;0;0;;;;;;;;;;;;;;;;
23.5.;377;0;1;;0;0;;;;;;;;;;;;;;;;
23.5.;378;1;0;;0;0;;;;;;;;;;;;;;;;
23.5.;379;0;0;;1;0;;;;;;;;;;;;;;;;
23.5.;380;0;1;;0;0;;;;;;;;;;;;;;;;
23.5.;381;0;0;;1;0;;;;;;;;;;;;;;;;
23.5.;382;0;1;;0;0;;;;;;;;;;;;;;;;
23.5.;383;0;2;;0;2;;;;;;;;;;;;;;;;
23.5.;384;0;0;;0;1;;;;;;;;;;;;;;;;
23.5.;385;1;0;;0;0;;;;;;;;;;;;;;;;
23.5.;386;0;0;;0;1;;;;;;;;;;;;;;;;
23.5.;387;0;0;;1;0;;;;;;;;;;;;;;;;
23.5.;388;0;1;;0;0;;;;;;;;;;;;;;;;
23.5.;389;0;0;;0;1;;;;;;;;;;;;;;;;
23.5.;390;1;0;;0;0;;;;;;;;;;;;;;;;
23.5.;391;0;0;;0;1;;;;;;;;;;;;;;;;
23.5.;392;1;0;;0;0;;;;;;;;;;;;;;;;
23.5.;393;0;0;;1;0;;;;;;;;;;;;;;;;
23.5.;394;0;0;;1;0;;;;;;;;;;;;;;;;
23.5.;395;0;0;;1;0;;;;;;;;;;;;;;;;
23.5.;396;0;0;;0;1;;;;;;;;;;;;;;;;
23.5.;397;0;0;;1;0;;;;;;;;;;;;;;;;
23.5.;398;0;1;;0;0;;;;;;;;;;;;;;;;
23.5.;399;0;1;;0;0;;;;;;;;;;;;;;;;
23.5.;400;0;0;;1;0;;;;;;;;;;;;;;;;
23.5.;401;0;0;;1;0;;;;;;;;;;;;;;;;
23.5.;402;1;0;;0;0;;;;;;;;;;;;;;;;
23.5.;403;1;0;;0;0;;;;;;;;;;;;;;;;
23.5.;404;0;0;;1;0;;;;;;;;;;;;;;;;
23.5.;405;0;1;;0;0;;;;;;;;;;;;;;;;
23.5.;406;1;0;;0;0;;;;;;;;;;;;;;;;
23.5.;407;0;1;;0;0;;;;;;;;;;;;;;;;
29.5.;408;1;0;;0;0;;;;;;;;;;;;;;;;
29.5.;409;0;1;;0;0;;;;;;;;;;;;;;;;
29.5.;410;0;0;0;0;1;;;;;;;;;;;;;;;;
29.5.;411;1;0;0;0;0;;;;;;;;;;;;;;;;
29.5.;412;1;0;0;0;0;;;;;;;;;;;;;;;;
29.5.;413;0;1;0;0;0;;;;;;;;;;;;;;;;
29.5.;414;1;0;0;0;0;;;;;;;;;;;;;;;;
29.5.;415;0;1;0;0;0;;;;;;;;;;;;;;;;
29.5.;416;0;1;0;0;0;;;;;;;;;;;;;;;;
29.5.;417;0;0;0;1;0;;;;;;;;;;;;;;;;
29.5.;418;0;0;0;0;1;;;;;;;;;;;;;;;;
29.5.;419;0;0;0;1;0;;;;;;;;;;;;;;;;
29.5.;420;0;0;0;0;1;;;;;;;;;;;;;;;;
29.5.;421;0;1;0;0;0;;;;;;;;;;;;;;;;
29.5.;422;0;0;0;1;0;;;;;;;;;;;;;;;;
29.5.;423;0;0;0;1;0;;;;;;;;;;;;;;;;
29.5.;424;0;0;0;0;0;;;;;;;;;;;;;;;;
29.5.;425;0;0;0;0;1;;;;;;;;;;;;;;;;
29.5.;426;0;0;0;0;1;;;;;;;;;;;;;;;;
29.5.;427;1;0;0;0;0;;;;;;;;;;;;;;;;
29.5.;428;1;0;0;0;0;;;;;;;;;;;;;;;;
29.5.;429;0;0;1;0;0;;;;;;;;;;;;;;;;
29.5.;430;0;0;1;0;0;;;;;;;;;;;;;;;;
29.5.;431;1;0;0;0;0;;;;;;;;;;;;;;;;
29.5.;432;0;1;0;0;0;;;;;;;;;;;;;;;;
29.5.;433;0;0;0;0;1;;;;;;;;;;;;;;;;
29.5.;434;0;0;0;0;1;;;;;;;;;;;;;;;;
29.5.;435;0;0;1;0;0;;;;;;;;;;;;;;;;
29.5.;436;0;1;;0;0;;;;;;;;;;;;;;;;
29.5.;437;1;0;;0;0;;;;;;;;;;;;;;;;
29.5.;438;0;0;;0;1;;;;;;;;;;;;;;;;
29.5.;439;1;0;;0;0;;;;;;;;;;;;;;;;
29.5.;440;0;0;;0;1;;;;;;;;;;;;;;;;
29.5.;441;1;0;;0;0;;;;;;;;;;;;;;;;
29.5.;442;0;0;;0;1;;;;;;;;;;;;;;;;
29.5.;443;1;0;;0;0;;;;;;;;;;;;;;;;
29.5.;444;0;0;;0;1;;;;;;;;;;;;;;;;
29.5.;445;0;0;;1;0;;;;;;;;;;;;;;;;
29.5.;446;0;0;;0;1;;;;;;;;;;;;;;;;
29.5.;447;1;0;;0;0;;;;;;;;;;;;;;;;
29.5.;448;0;0;;0;1;;;;;;;;;;;;;;;;
18.6.;449;0;;0;;1;;;;;;;;;;;;;;;;
18.6.;450;0;;1;;0;;;;;;;;;;;;;;;;
18.6.;451;0;;2;;2;;;;;;;;;;;;;;;;
18.6.;452;1;;0;;0;;;;;;;;;;;;;;;;
18.6.;453;1;;0;;0;;;;;;;;;;;;;;;;
18.6.;454;1;;0;;0;;;;;;;;;;;;;;;;
25.6.;455;0;;;1;0;;;;;;;;;;;;;;;;
25.6.;456;1;;;0;0;;;;;;;;;;;;;;;;
25.6.;457;0;;;1;0;;;;;;;;;;;;;;;;
25.6.;458;0;;;0;1;;;;;;;;;;;;;;;;
25.6.;459;1;;;0;0;;;;;;;;;;;;;;;;
25.6.;460;0;;;2;2;;;;;;;;;;;;;;;;
25.6.;461;0;;;0;1;;;;;;;;;;;;;;;;
25.6.;462;0;;;0;1;;;;;;;;;;;;;;;;
25.6.;463;0;;;0;1;;;;;;;;;;;;;;;;
25.6.;464;0;;;1;0;;;;;;;;;;;;;;;;
25.6.;465;1;;;0;0;;;;;;;;;;;;;;;;
25.6.;466;0;;;1;0;;;;;;;;;;;;;;;;
25.6.;467;0;;;0;1;;;;;;;;;;;;;;;;
25.6.;468;0;;;1;0;;;;;;;;;;;;;;;;
25.6.;469;0;;;1;0;;;;;;;;;;;;;;;;
25.6.;470;0;;;0;1;;;;;;;;;;;;;;;;
25.6.;471;0;;;2;2;;;;;;;;;;;;;;;;
25.6.;472;1;;;0;0;;;;;;;;;;;;;;;;
25.6.;473;1;;;0;0;;;;;;;;;;;;;;;;
25.6.;474;1;;;0;0;;;;;;;;;;;;;;;;
25.6.;475;1;;;0;0;;;;;;;;;;;;;;;;
25.6.;476;1;;;0;0;;;;;;;;;;;;;;;;
25.6.;477;1;;;0;0;;;;;;;;;;;;;;;;
25.6.;478;0;;;1;0;;;;;;;;;;;;;;;;
25.6.;479;0;;;0;1;;;;;;;;;;;;;;;;
25.6.;480;0;;;1;0;;;;;;;;;;;;;;;;
25.6.;481;1;;;0;0;;;;;;;;;;;;;;;;
25.6.;482;1;;;0;0;;;;;;;;;;;;;;;;
25.6.;483;1;;;0;0;;;;;;;;;;;;;;;;
25.6.;484;1;;;0;0;;;;;;;;;;;;;;;;
25.6.;485;0;;;1;0;;;;;;;;;;;;;;;;
25.6.;486;1;;;0;0;;;;;;;;;;;;;;;;
25.6.;487;1;;;0;0;;;;;;;;;;;;;;;;
25.6.;488;0;;;1;0;;;;;;;;;;;;;;;;
25.6.;489;0;;;1;0;;;;;;;;;;;;;;;;
25.6.;490;1;;;0;0;;;;;;;;;;;;;;;;
25.6.;491;1;;;0;0;;;;;;;;;;;;;;;;
25.6.;492;1;;;0;0;;;;;;;;;;;;;;;;
25.6.;493;1;;;0;0;;;;;;;;;;;;;;;;
25.6.;494;0;;;1;0;;;;;;;;;;;;;;;;
25.6.;495;1;;;0;0;;;;;;;;;;;;;;;;
25.6.;496;1;;;0;0;;;;;;;;;;;;;;;;
25.6.;497;0;;;1;0;;;;;;;;;;;;;;;;
25.6.;498;1;;;0;0;;;;;;;;;;;;;;;;
25.6.;499;0;;;1;0;;;;;;;;;;;;;;;;
25.6.;500;0;;;1;0;;;;;;;;;;;;;;;;
11.7.;501;0;;;1;0;;;;;;;;;;;;;;;;
11.7.;502;1;;;0;0;;;;;;;;;;;;;;;;
11.7.;503;1;;;0;0;;;;;;;;;;;;;;;;
11.7.;504;0;;;1;0;;;;;;;;;;;;;;;;
11.7.;505;0;;;0;1;;;;;;;;;;;;;;;;
11.7.;506;0;;;0;1;;;;;;;;;;;;;;;;
11.7.;507;2;;;0;2;;;;;;;;;;;;;;;;
11.7.;508;0;;;1;0;;;;;;;;;;;;;;;;
11.7.;509;0;;;0;1;;;;;;;;;;;;;;;;
11.7.;510;1;;;0;0;;;;;;;;;;;;;;;;
11.7.;511;0;;;1;0;;;;;;;;;;;;;;;;
11.7.;512;0;;;0;1;;;;;;;;;;;;;;;;
11.7.;513;1;;;0;0;;;;;;;;;;;;;;;;
11.7.;514;0;;;0;1;;;;;;;;;;;;;;;;
11.7.;515;1;;;0;0;;;;;;;;;;;;;;;;
11.7.;516;0;;;0;1;;;;;;;;;;;;;;;;
11.7.;517;0;;;0;1;;;;;;;;;;;;;;;;
11.7.;518;0;;;1;0;;;;;;;;;;;;;;;;
11.7.;519;1;;;0;0;;;;;;;;;;;;;;;;
11.7.;520;1;;;0;0;;;;;;;;;;;;;;;;
11.7.;521;0;;;0;1;;;;;;;;;;;;;;;;
11.7.;522;0;;;0;1;;;;;;;;;;;;;;;;
11.7.;523;0;;;1;0;;;;;;;;;;;;;;;;
11.7.;524;1;;;0;0;;;;;;;;;;;;;;;;
11.7.;525;0;;;1;0;;;;;;;;;;;;;;;;
11.7.;526;1;;;0;0;;;;;;;;;;;;;;;;
11.7.;527;0;;;2;2;;;;;;;;;;;;;;;;
11.7.;528;0;;;1;0;;;;;;;;;;;;;;;;
11.7.;529;1;;;0;0;;;;;;;;;;;;;;;;
11.7.;530;1;;;0;0;;;;;;;;;;;;;;;;
11.7.;531;0;;;1;0;;;;;;;;;;;;;;;;
11.7.;532;0;;;0;1;;;;;;;;;;;;;;;;
11.7.;533;0;;;1;0;;;;;;;;;;;;;;;;
11.7.;534;0;;;1;0;;;;;;;;;;;;;;;;
11.7.;535;0;;;1;0;;;;;;;;;;;;;;;;
11.7.;536;1;;;0;0;;;;;;;;;;;;;;;;
11.7.;537;0;;;0;1;;;;;;;;;;;;;;;;
11.7.;538;0;;;1;0;;;;;;;;;;;;;;;;
11.7.;539;1;;;0;0;;;;;;;;;;;;;;;;
11.7.;540;0;;;0;1;;;;;;;;;;;;;;;;
11.7.;541;0;;;1;0;;;;;;;;;;;;;;;;
11.7.;542;0;;;0;1;;;;;;;;;;;;;;;;
11.7.;543;0;;;1;0;;;;;;;;;;;;;;;;
11.7.;544;1;;;0;0;;;;;;;;;;;;;;;;
11.7.;545;1;;;0;0;;;;;;;;;;;;;;;;
11.7.;546;1;;;0;0;;;;;;;;;;;;;;;;
11.7.;547;1;;;0;0;;;;;;;;;;;;;;;;
18.07.;548;0;0;0;;1;;;;;;;;;;;;;;;;
18.07.;549;0;1;0;;0;;;;;;;;;;;;;;;;
18.07.;550;0;1;0;;0;;;;;;;;;;;;;;;;
18.07.;551;1;0;0;;0;;;;;;;;;;;;;;;;
18.07.;552;0;0;1;;0;;;;;;;;;;;;;;;;
18.07.;553;0;0;0;0;1;;;;;;;;;;;;;;;;
18.07.;554;0;0;0;1;0;;;;;;;;;;;;;;;;
18.07.;555;0;0;0;0;1;;;;;;;;;;;;;;;;
18.07.;556;0;1;0;0;0;;;;;;;;;;;;;;;;
18.07.;557;0;1;0;0;0;;;;;;;;;;;;;;;;
18.07.;558;0;0;1;0;0;;;;;;;;;;;;;;;;
18.07.;559;0;1;0;0;0;;;;;;;;;;;;;;;;
18.07.;560;0;1;0;0;0;;;;;;;;;;;;;;;;
18.07.;561;0;0;0;0;1;;;;;;;;;;;;;;;;
18.07.;562;0;1;0;0;0;;;;;;;;;;;;;;;;
18.07.;563;0;1;0;0;0;;;;;;;;;;;;;;;;
18.07.;564;0;0;0;2;2;;;;;;;;;;;;;;;;
18.07.;565;1;0;0;0;0;;;;;;;;;;;;;;;;
18.07.;566;0;0;1;0;0;;;;;;;;;;;;;;;;
18.07.;567;1;0;0;0;0;;;;;;;;;;;;;;;;
18.07.;568;1;0;0;0;0;;;;;;;;;;;;;;;;
18.07.;569;1;0;0;0;0;;;;;;;;;;;;;;;;
18.07.;570;0;0;0;1;0;;;;;;;;;;;;;;;;
18.07.;571;1;0;0;0;0;;;;;;;;;;;;;;;;
18.07.;572;0;0;0;0;1;;;;;;;;;;;;;;;;
18.07.;573;0;1;0;0;0;;;;;;;;;;;;;;;;
18.07.;574;0;0;0;1;0;;;;;;;;;;;;;;;;
18.07.;575;0;0;0;0;1;;;;;;;;;;;;;;;;
18.07.;576;0;0;1;0;0;;;;;;;;;;;;;;;;
18.07.;577;0;0;0;0;1;;;;;;;;;;;;;;;;
18.07.;578;0;1;0;0;0;;;;;;;;;;;;;;;;
18.07.;579;0;0;1;0;0;;;;;;;;;;;;;;;;
18.07.;580;0;1;0;0;0;;;;;;;;;;;;;;;;
18.07.;581;1;0;0;0;0;;;;;;;;;;;;;;;;
18.07.;582;1;0;0;0;0;;;;;;;;;;;;;;;;
18.07.;583;0;0;2;2;0;;;;;;;;;;;;;;;;
01.08.;584;;0;1;0;0;;;;;;;;;;;;;;;;
01.08.;585;;0;0;1;0;;;;;;;;;;;;;;;;
01.08.;586;;0;0;0;1;;;;;;;;;;;;;;;;
01.08.;587;;1;0;0;0;;;;;;;;;;;;;;;;
01.08.;588;;0;0;0;1;;;;;;;;;;;;;;;;
01.08.;589;;0;0;0;1;;;;;;;;;;;;;;;;
01.08.;590;;0;0;0;1;;;;;;;;;;;;;;;;
01.08.;591;;0;0;0;1;;;;;;;;;;;;;;;;
01.08.;592;;0;1;0;0;;;;;;;;;;;;;;;;
01.08.;593;;0;1;0;0;;;;;;;;;;;;;;;;
01.08.;594;;1;0;0;0;;;;;;;;;;;;;;;;
01.08.;595;;0;0;0;1;;;;;;;;;;;;;;;;
01.08.;596;;0;0;0;1;;;;;;;;;;;;;;;;
01.08.;597;;0;1;0;0;;;;;;;;;;;;;;;;
01.08.;598;;1;0;0;0;;;;;;;;;;;;;;;;
01.08.;599;;0;1;0;0;;;;;;;;;;;;;;;;
01.08.;600;;0;0;1;0;;;;;;;;;;;;;;;;
01.08.;601;;0;0;1;0;;;;;;;;;;;;;;;;
01.08.;602;;1;0;0;0;;;;;;;;;;;;;;;;
01.08.;603;;1;0;0;0;;;;;;;;;;;;;;;;
01.08.;604;;1;0;0;0;;;;;;;;;;;;;;;;
01.08.;605;;1;0;0;0;;;;;;;;;;;;;;;;
14.08.;606;0;;;0;1;;;;;;;;;;;;;;;;
14.08.;607;0;;;0;1;;;;;;;;;;;;;;;;
14.08.;608;0;;;0;1;;;;;;;;;;;;;;;;
14.08.;609;0;;;1;0;;;;;;;;;;;;;;;;
14.08.;610;0;;;2;2;;;;;;;;;;;;;;;;
14.08.;611;0;;;0;1;;;;;;;;;;;;;;;;
14.08.;612;0;;;1;0;;;;;;;;;;;;;;;;
14.08.;613;0;;;1;0;;;;;;;;;;;;;;;;
14.08.;614;0;;;1;0;;;;;;;;;;;;;;;;
14.08.;615;0;;;1;0;;;;;;;;;;;;;;;;
14.08.;616;0;;;1;0;;;;;;;;;;;;;;;;
14.08.;617;0;;;1;0;;;;;;;;;;;;;;;;
14.08.;618;0;;;1;0;;;;;;;;;;;;;;;;
14.08.;619;0;;;1;0;;;;;;;;;;;;;;;;
14.08.;620;1;;;0;0;;;;;;;;;;;;;;;;
14.08.;621;0;;;0;1;;;;;;;;;;;;;;;;
14.08.;622;1;;;0;0;;;;;;;;;;;;;;;;
14.08.;623;2;;;2;0;;;;;;;;;;;;;;;;
14.08.;624;1;;;0;0;;;;;;;;;;;;;;;;
14.08.;625;1;;;0;0;;;;;;;;;;;;;;;;
14.08.;626;0;;;1;0;;;;;;;;;;;;;;;;
14.08.;627;0;;;1;0;;;;;;;;;;;;;;;;
14.08.;628;0;;;1;0;;;;;;;;;;;;;;;;
14.08.;629;0;;;0;1;;;;;;;;;;;;;;;;
14.08.;630;1;;;0;0;;;;;;;;;;;;;;;;
14.08.;631;0;;;1;0;;;;;;;;;;;;;;;;
14.08.;632;0;;;0;1;;;;;;;;;;;;;;;;
14.08.;633;0;;;1;0;;;;;;;;;;;;;;;;
14.08.;634;0;;;0;1;;;;;;;;;;;;;;;;
14.08.;635;0;;;1;0;;;;;;;;;;;;;;;;
14.08.;636;0;;;0;1;;;;;;;;;;;;;;;;
14.08.;637;0;;;1;0;;;;;;;;;;;;;;;;
14.08.;638;1;;;0;0;;;;;;;;;;;;;;;;
14.08.;639;1;;;0;0;;;;;;;;;;;;;;;;
14.08.;640;0;;;0;1;;;;;;;;;;;;;;;;
14.08.;641;1;;;0;0;;;;;;;;;;;;;;;;
14.08.;642;0;;;1;0;;;;;;;;;;;;;;;;
14.08.;643;0;;;1;0;;;;;;;;;;;;;;;;
14.08.;644;1;;;0;0;;;;;;;;;;;;;;;;
14.08.;645;0;;;1;0;;;;;;;;;;;;;;;;
14.08.;646;2;;;2;0;;;;;;;;;;;;;;;;
14.08.;647;0;;;1;0;;;;;;;;;;;;;;;;
14.08.;648;0;;;1;0;;;;;;;;;;;;;;;;
14.08.;649;0;;;1;0;;;;;;;;;;;;;;;;
14.08.;650;0;;;0;1;;;;;;;;;;;;;;;;
14.08.;651;1;;;0;0;;;;;;;;;;;;;;;;
14.08.;652;0;;;1;0;;;;;;;;;;;;;;;;
14.08.;653;0;;;1;0;;;;;;;;;;;;;;;;
14.08.;654;0;;;1;0;;;;;;;;;;;;;;;;
14.08.;655;0;;;1;0;;;;;;;;;;;;;;;;
15.08.;656;1;0;0;0;0;;;;;;;;;;;;;;;;
15.08.;657;1;0;0;0;0;;;;;;;;;;;;;;;;
15.08.;658;0;1;0;0;0;;;;;;;;;;;;;;;;
15.08.;659;1;0;0;0;0;;;;;;;;;;;;;;;;
15.08.;660;1;0;0;0;0;;;;;;;;;;;;;;;;
15.08.;661;1;0;0;0;0;;;;;;;;;;;;;;;;
22.08.;662;0;0;0;0;0;;1;;;;;;;;;;;;;;
22.08.;663;0;0;0;0;0;;1;;;;;;;;;;;;;;
22.08.;664;0;0;1;0;0;;0;;;;;;;;;;;;;;
22.08.;665;0;0;0;0;1;;0;;;;;;;;;;;;;;
22.08.;666;0;0;0;0;0;;1;;;;;;;;;;;;;;
22.08.;667;1;0;0;0;0;;0;;;;;;;;;;;;;;
22.08.;668;0;0;0;0;1;;0;;;;;;;;;;;;;;
22.08.;669;0;0;0;0;0;;1;;;;;;;;;;;;;;
22.08.;670;0;1;0;0;0;;0;;;;;;;;;;;;;;
22.08.;671;0;0;0;0;1;;0;;;;;;;;;;;;;;
22.08.;672;0;0;1;0;0;;0;;;;;;;;;;;;;;
22.08.;673;0;0;0;0;0;;1;;;;;;;;;;;;;;
22.08.;674;0;0;0;0;1;;0;;;;;;;;;;;;;;
22.08.;675;0;1;0;0;0;;0;;;;;;;;;;;;;;
22.08.;676;0;1;0;0;0;;0;;;;;;;;;;;;;;
22.08.;677;0;0;0;1;0;;0;;;;;;;;;;;;;;
22.08.;678;0;1;0;0;0;;0;;;;;;;;;;;;;;
22.08.;679;0;0;0;0;0;;1;;;;;;;;;;;;;;
22.08.;680;0;0;0;0;0;;1;;;;;;;;;;;;;;
22.08.;681;1;0;0;0;0;;0;;;;;;;;;;;;;;
22.08.;682;0;1;0;0;0;;0;;;;;;;;;;;;;;
22.08.;683;0;0;0;0;0;;1;;;;;;;;;;;;;;
22.08.;684;0;0;0;0;1;;0;;;;;;;;;;;;;;
22.08.;685;0;1;0;0;0;;0;;;;;;;;;;;;;;
22.08.;686;0;1;0;0;0;;0;;;;;;;;;;;;;;
22.08.;687;1;0;0;0;0;;0;;;;;;;;;;;;;;
22.08.;688;0;0;0;0;0;;1;;;;;;;;;;;;;;
22.08.;689;0;0;0;1;0;;0;;;;;;;;;;;;;;
22.08.;690;0;0;0;0;1;;0;;;;;;;;;;;;;;
22.08.;691;1;0;0;0;0;;0;;;;;;;;;;;;;;
04.09.;692;;;1;0;;;;0;0;;;;;Notiz:;Daten;sind;fï¿½lschlicherweise;geordnet;;;
04.09.;693;;;1;0;;;;0;0;;;;;;;;;;;;
04.09.;694;;;1;0;;;;0;0;;;;;;;;;;;;
04.09.;695;;;0;1;;;;0;0;;;;;;;;;;;;
04.09.;696;;;0;1;;;;0;0;;;;;;;;;;;;
04.09.;697;;;0;1;;;;0;0;;;;;;;;;;;;
04.09.;698;;;0;1;;;;0;0;;;;;;;;;;;;
04.09.;699;;;0;1;;;;0;0;;;;;;;;;;;;
04.09.;700;;;0;0;;;;1;0;;;;;;;;;;;;
04.09.;701;;;0;0;;;;1;0;;;;;;;;;;;;
04.09.;702;;;0;0;;;;1;0;;;;;;;;;;;;
04.09.;703;;;0;0;;;;1;0;;;;;;;;;;;;
04.09.;704;;;0;0;;;;0;1;;;;;;;;;;;;
04.09.;705;;;0;0;;;;0;1;;;;;;;;;;;;
04.09.;706;;;0;0;;;;0;1;;;;;;;;;;;;
04.09.;707;;;0;0;;;;0;1;;;;;;;;;;;;
04.09.;708;;;2;2;;;;0;0;;;;;;;;;;;;
04.09.;709;;;1;0;;;;0;0;;;;;;;;;;;;
04.09.;710;;;0;1;;;;0;0;;;;;;;;;;;;
04.09.;711;;;0;0;;;;0;1;;;;;;;;;;;;
04.09.;712;;;0;0;;;;0;1;;;;;;;;;;;;
12.09.;713;1;;;0;0;;0;;;;;;;;;;;;;;
12.09.;714;1;;;0;0;;0;;;;;;;;;;;;;;
12.09.;715;0;;;0;0;;1;;;;;;;;;;;;;;
12.09.;716;0;;;0;0;;1;;;;;;;;;;;;;;
12.09.;717;0;;;0;1;;0;;;;;;;;;;;;;;
12.09.;718;0;;;0;1;;0;;;;;;;;;;;;;;
12.09.;719;0;;;0;1;;0;;;;;;;;;;;;;;
12.09.;720;1;;;0;0;;0;;;;;;;;;;;;;;
12.09.;721;0;;;0;1;;0;;;;;;;;;;;;;;
12.09.;722;0;;;0;1;;0;;;;;;;;;;;;;;
12.09.;723;0;;;0;2;;2;;;;;;;;;;;;;;
12.09.;724;1;;;0;0;;0;;;;;;;;;;;;;;
12.09.;725;0;;;0;0;;1;;;;;;;;;;;;;;
12.09.;726;0;;;0;1;;0;;;;;;;;;;;;;;
12.09.;727;2;;;0;0;;2;;;;;;;;;;;;;;
12.09.;728;0;;;0;1;;0;;;;;;;;;;;;;;
12.09.;729;1;;;0;0;;0;;;;;;;;;;;;;;
12.09.;730;0;;;0;1;;0;;;;;;;;;;;;;;
12.09.;731;0;;;0;1;;0;;;;;;;;;;;;;;
12.09.;732;0;;;0;0;;1;;;;;;;Notiz:;Datei;vom;20.09.;leider;nicht;mehr;vorhanden!
02.10.;733;1;;;0;0;;0;;;;;;;;;;;;;;
02.10.;734;0;;;1;0;;0;;;;;;;;;;;;;;
02.10.;735;0;;;1;0;;0;;;;;;;;;;;;;;
02.10.;736;1;;;0;0;;0;;;;;;;;;;;;;;
02.10.;737;1;;;0;0;;0;;;;;;;;;;;;;;
02.10.;738;1;;;0;0;;0;;;;;;;;;;;;;;
02.10.;739;0;;;0;0;;1;;;;;;;;;;;;;;
02.10.;740;0;;;1;0;;0;;;;;;;;;;;;;;
02.10.;741;0;;;0;1;;0;;;;;;;;;;;;;;
02.10.;742;0;;;2;0;;2;;;;;;;;;;;;;;
02.10.;743;1;;;0;0;;0;;;;;;;;;;;;;;
02.10.;744;0;;;0;0;;1;;;;;;;;;;;;;;
02.10.;745;0;;;0;1;;0;;;;;;;;;;;;;;
02.10.;746;1;;;0;0;;0;;;;;;;;;;;;;;
02.10.;747;0;;;1;0;;0;;;;;;;;;;;;;;
02.10.;748;1;;;0;0;;0;;;;;;;;;;;;;;
02.10.;749;1;;;0;0;;0;;;;;;;;;;;;;;
02.10.;750;0;;;1;0;;0;;;;;;;;;;;;;;
02.10.;751;1;;;0;0;;0;;;;;;;;;;;;;;
02.10.;752;1;;;0;0;;0;;;;;;;;;;;;;;
03.10.;753;2;;;0;0;;2;;;;;;;;;;;;;;
03.10.;754;0;;;1;0;;0;;;;;;;;;;;;;;
03.10.;755;0;;;1;0;;0;;;;;;;;;;;;;;
03.10.;756;0;;;1;0;;0;;;;;;;;;;;;;;
03.10.;757;0;;;0;0;;1;;;;;;;;;;;;;;
03.10.;758;1;;;0;0;;0;;;;;;;;;;;;;;
03.10.;759;1;;;0;0;;0;;;;;;;;;;;;;;
03.10.;760;0;;;0;0;;1;;;;;;;;;;;;;;
03.10.;761;1;;;0;0;;0;;;;;;;;;;;;;;
03.10.;762;1;;;0;0;;0;;;;;;;;;;;;;;
03.10.;763;0;;;0;1;;0;;;;;;;;;;;;;;
03.10.;764;0;;;0;0;;1;;;;;;;;;;;;;;
03.10.;765;0;;;0;1;;0;;;;;;;;;;;;;;
03.10.;766;0;;;0;0;;1;;;;;;;;;;;;;;
03.10.;767;0;;;0;1;;0;;;;;;;;;;;;;;
03.10.;768;1;;;0;0;;0;;;;;;;;;;;;;;
03.10.;769;0;;;1;0;;0;;;;;;;;;;;;;;
03.10.;770;0;;;1;0;;0;;;;;;;;;;;;;;
03.10.;771;0;;;0;0;;1;;;;;;;;;;;;;;
03.10.;772;0;;;0;0;;1;;;;;;;;;;;;;;
03.10.;773;0;;;0;0;;1;;;;;;;;;;;;;;
03.10.;774;0;;;1;0;;0;;;;;;;;;;;;;;
03.10.;775;0;;;0;0;;1;;;;;;;;;;;;;;
03.10.;776;0;;;1;0;;0;;;;;;;;;;;;;;
03.10.;777;0;;;0;1;;0;;;;;;;;;;;;;;
03.10.;778;0;;;0;0;;1;;;;;;;;;;;;;;
03.10.;779;0;;;0;0;;1;;;;;;;;;;;;;;
03.10.;780;1;;;0;0;;0;;;;;;;;;;;;;;
03.10.;781;0;;;0;1;;0;;;;;;;;;;;;;;
03.10.;782;1;;;0;0;;0;;;;;;;;;;;;;;
03.10.;783;0;;;0;0;;1;;;;;;;;;;;;;;
03.10.;784;0;;;1;0;;0;;;;;;;;;;;;;;
03.10.;785;0;;;0;0;;1;;;;;;;;;;;;;;
03.10.;786;0;;;0;0;;1;;;;;;;;;;;;;;
03.10.;787;0;;;0;0;;1;;;;;;;;;;;;;;
03.10.;788;0;;;0;1;;0;;;;;;;;;;;;;;
03.10.;789;1;;;0;0;;0;;;;;;;;;;;;;;
03.10.;790;0;;;1;0;;0;;;;;;;;;;;;;;
03.10.;791;1;;;0;0;;0;;;;;;;;;;;;;;
03.10.;792;0;;;0;0;;1;;;;;;;;;;;;;;
03.10.;793;1;;;0;0;;0;;;;;;;;;;;;;;
03.10.;794;0;;;2;2;;0;;;;;;;;;;;;;;
03.10.;795;0;;;1;0;;0;;;;;;;;;;;;;;
03.10.;796;0;;;1;0;;0;;;;;;;;;;;;;;
03.10.;797;0;;;0;0;;1;;;;;;;;;;;;;;
03.10.;798;0;;;2;2;;0;;;;;;;;;;;;;;
03.10.;799;0;;;0;0;;1;;;;;;;;;;;;;;
03.10.;800;0;;;0;1;;0;;;;;;;;;;;;;;
03.10.;801;0;;;0;1;;0;;;;;;;;;;;;;;
03.10.;802;1;;;0;0;;0;;;;;;;;;;;;;;
30.10.;803;1;;;0;0;;0;;;;;;;;;;;;;;
30.10.;804;0;;;0;0;;1;;;;;;;;;;;;;;
30.10.;805;0;;;0;1;;0;;;;;;;;;;;;;;
30.10.;806;0;;;0;0;;1;;;;;;;;;;;;;;
30.10.;807;0;;;0;1;;0;;;;;;;;;;;;;;
30.10.;808;0;1;0;0;;;;;;;;;;;;;;;;;
30.10.;809;0;0;1;0;;;;;;;;;;;;;;;;;
30.10.;810;0;1;0;0;;;;;;;;;;;;;;;;;
30.10.;811;1;0;0;0;;;;;;;;;;;;;;;;;
30.10.;812;1;0;0;0;;;;;;;;;;;;;;;;;
30.10.;813;;;0;0;0;;1;;;;;;;;;;;;;;
30.10.;814;;;1;0;0;;0;;;;;;;;;;;;;;
30.10.;815;;;1;0;0;;0;;;;;;;;;;;;;;
30.10.;816;;;0;0;1;;0;;;;;;;;;;;;;;
30.10.;817;;;0;0;1;;0;;;;;;;;;;;;;;
30.10.;818;0;0;;1;;;0;;;;;;;;;;;;;;
30.10.;819;0;0;;0;;;1;;;;;;;;;;;;;;
30.10.;820;0;0;;1;;;0;;;;;;;;;;;;;;
30.10.;821;0;0;;0;;;1;;;;;;;;;;;;;;
30.10.;822;0;0;;0;;;1;;;;;;;;;;;;;;
30.10.;823;0;1;;0;0;;;;;;;;;;;;;;;;
30.10.;824;0;1;;0;0;;;;;;;;;;;;;;;;
30.10.;825;0;1;;0;0;;;;;;;;;;;;;;;;
30.10.;826;1;0;;0;0;;;;;;;;;;;;;;;;
30.10.;827;0;0;;0;1;;;;;;;;;;;;;;;;
30.10.;828;0;;0;;0;;1;;;;;;;;;;;;;;
30.10.;829;0;;1;;0;;0;;;;;;;;;;;;;;
30.10.;830;0;;0;;1;;0;;;;;;;;;;;;;;
30.10.;831;0;;0;;1;;0;;;;;;;;;;;;;;
30.10.;832;1;;0;;0;;0;;;;;;;;;;;;;;
30.10.;833;0;;1;0;;;0;;;;;;;;;;;;;;
30.10.;834;0;;1;0;;;0;;;;;;;;;;;;;;
30.10.;835;0;;0;1;;;0;;;;;;;;;;;;;;
30.10.;836;0;;0;1;;;0;;;;;;;;;;;;;;
30.10.;837;0;;0;0;;;1;;;;;;;;;;;;;;
30.10.;838;1;;0;;0;;0;;;;;;;;;;;;;;
30.10.;839;0;;0;;0;;1;;;;;;;;;;;;;;
30.10.;840;0;;0;;1;;0;;;;;;;;;;;;;;
30.10.;841;0;;0;;0;;1;;;;;;;;;;;;;;
30.10.;842;1;;0;;0;;0;;;;;;;;;;;;;;
31.10.;843;0;1;;;0;;;;;;;;;;;;;;;;
31.10.;844;0;0;;1;0;;;;;;;;;;;;;;;;
31.10.;845;0;1;;0;0;;;;;;;;;;;;;;;;
31.10.;846;0;1;;0;0;;;;;;;;;;;;;;;;
31.10.;847;0;0;;0;1;;;;;;;;;;;;;;;;
31.10.;848;0;0;;0;1;;;;;;;;;;;;;;;;
31.10.;849;0;0;;1;0;;;;;;;;;;;;;;;;
31.10.;850;0;1;;0;0;;;;;;;;;;;;;;;;
31.10.;851;1;0;;0;0;;;;;;;;;;;;;;;;
31.10.;852;1;0;;0;0;;;;;;;;;;;;;;;;
31.10.;853;1;0;;0;0;;;;;;;;;;;;;;;;
31.10.;854;0;0;;0;1;;;;;;;;;;;;;;;;
31.10.;855;0;1;;0;0;;;;;;;;;;;;;;;;
31.10.;856;0;1;;0;0;;;;;;;;;;;;;;;;
31.10.;857;1;0;;0;0;;;;;;;;;;;;;;;;
31.10.;858;1;0;;0;0;;;;;;;;;;;;;;;;
07.11.;859;0;1;0;0;0;;;;;;;;;;;;;;;;
07.11.;860;1;0;0;0;0;;;;;;;;;;;;;;;;
07.11.;861;0;1;0;0;0;;;;;;;;;;;;;;;;
07.11.;862;0;0;0;0;1;;;;;;;;;;;;;;;;
07.11.;863;0;0;1;0;0;;;;;;;;;;;;;;;;
07.11.;864;0;0;1;0;0;;;;;;;;;;;;;;;;
07.11.;865;0;0;0;0;1;;;;;;;;;;;;;;;;
07.11.;866;1;0;0;0;0;;;;;;;;;;;;;;;;
07.11.;867;0;0;0;0;1;;;;;;;;;;;;;;;;
07.11.;868;0;1;0;0;0;;;;;;;;;;;;;;;;
07.11.;869;1;0;0;0;0;;;;;;;;;;;;;;;;
07.11.;870;0;0;0;0;1;;;;;;;;;;;;;;;;
07.11.;871;1;0;0;0;0;;;;;;;;;;;;;;;;
07.11.;872;0;0;0;0;1;;;;;;;;;;;;;;;;
07.11.;873;0;0;0;1;0;;;;;;;;;;;;;;;;
07.11.;874;0;0;0;0;1;;;;;;;;;;;;;;;;
07.11.;875;1;0;0;0;0;;;;;;;;;;;;;;;;
07.11.;876;0;1;0;0;0;;;;;;;;;;;;;;;;
07.11.;877;0;0;1;0;0;;;;;;;;;;;;;;;;
07.11.;878;0;0;0;0;1;;;;;;;;;;;;;;;;
07.11.;879;1;;0;;0;;;;0;;;;;;;;;;;;
07.11.;880;0;;0;;1;;;;0;;;;;;;;;;;;
07.11.;881;0;;1;;0;;;;0;;;;;;;;;;;;
07.11.;882;1;;0;;0;;;;0;;;;;;;;;;;;
07.11.;883;1;;0;;0;;;;0;;;;;;;;;;;;
07.11.;884;0;;0;;1;;;;0;;;;;;;;;;;;
07.11.;885;0;;0;;0;;;;1;;;;;;;;;;;;
07.11.;886;;;0;;0;;;;1;;;;;;;;;;;;
07.11.;887;;;0;;1;;;;0;;;;;;;;;;;;
07.11.;888;;;0;;0;;;;1;;;;;;;;;;;;
07.11.;889;;;0;;0;;;;1;;;;;;;;;;;;
07.11.;890;;;1;;0;;;;0;;;;;;;;;;;;
07.11.;891;;;0;;0;;;;1;;;;;;;;;;;;
07.11.;892;;;0;;0;;;;1;;;;;;;;;;;;
27.11.;893;0;;;;1;;0;;;;;;;;;;;;;;
27.11.;894;1;;;;0;;0;;;;;;;;;;;;;;
27.11.;895;0;;;;0;;1;;;;;;;;;;;;;;
27.11.;896;0;;;;0;;1;;;;;;;;;;;;;;
27.11.;897;0;;;;1;;0;;;;;;;;;;;;;;
27.11.;898;1;;;;0;;0;;;;;;;;;;;;;;
27.11.;899;0;;;;0;;1;;;;;;;;;;;;;;
27.11.;900;0;;;;0;;1;;;;;;;;;;;;;;
27.11.;901;0;;;;1;;0;;;;;;;;;;;;;;
27.11.;902;1;;;;0;;0;;;;;;;;;;;;;;
27.11.;903;1;;;;0;;0;;;;;;;;;;;;;;
27.11.;904;0;;;;0;;1;;;;;;;;;;;;;;
27.11.;905;0;;;;1;;0;;;;;;;;;;;;;;
27.11.;906;0;;;;0;;1;;;;;;;;;;;;;;
27.11.;907;0;;;;0;;1;;;;;;;;;;;;;;
27.11.;908;0;;;;1;;0;;;;;;;;;;;;;;
27.11.;909;0;;;;0;;1;;;;;;;;;;;;;;
27.11.;910;0;;;;0;;1;;;;;;;;;;;;;;
27.11.;911;1;;;;0;;0;;;;;;;;;;;;;;
27.11.;912;0;;;;0;;1;;;;;;;;;;;;;;
27.11.;913;1;;;;0;;0;;;;;;;;;;;;;;
27.11.;914;0;;;;0;;1;;;;;;;;;;;;;;
27.11.;915;1;;;;0;;0;;;;;;;;;;;;;;
27.11.;916;1;;;;0;;0;;;;;;;;;;;;;;
27.11.;917;0;;;;0;;1;;;;;;;;;;;;;;
27.11.;918;0;;;;0;;1;;;;;;;;;;;;;;
27.11.;919;;;0;;;;;;0;0;1;;;;;;;;;;
27.11.;920;;;0;;;;;;0;1;0;;;;;;;;;;
27.11.;921;;;0;;;;;;0;0;1;;;;;;;;;;
27.11.;922;;;0;;;;;;1;0;0;;;;;;;;;;
27.11.;923;;;0;;;;;;0;0;1;;;;;;;;;;
27.11.;924;;;0;;;;;;1;0;0;;;;;;;;;;
27.11.;925;;;0;;;;;;2;0;2;;;;;;;;;;
27.11.;926;;;0;;;;;;1;0;0;;;;;;;;;;
27.11.;927;;;0;;;;;;0;0;1;;;;;;;;;;
27.11.;928;;;0;;;;;;0;1;0;;;;;;;;;;
28.11.;929;1;;0;0;0;;;;;;;;;;;;;;;;
28.11.;930;0;;0;0;1;;;;;;;;;;;;;;;;
28.11.;931;0;;2;2;0;;;;;;;;;;;;;;;;
28.11.;932;0;;0;1;0;;;;;;;;;;;;;;;;
28.11.;933;0;;0;1;0;;;;;;;;;;;;;;;;
28.11.;934;0;;0;0;0;;1;;;;;;;;;;;;;;
28.11.;935;1;;0;0;0;;0;;;;;;;;;;;;;;
28.11.;936;0;;0;0;0;;1;;;;;;;;;;;;;;
28.11.;937;0;;1;0;0;;0;;;;;;;;;;;;;;
28.11.;938;0;;0;0;1;;0;;;;;;;;;;;;;;
28.11.;939;0;;0;0;1;;0;;;;;;;;;;;;;;
28.11.;940;0;;0;0;1;;0;;;;;;;;;;;;;;
28.11.;941;1;;0;0;0;;0;;;;;;;;;;;;;;
28.11.;942;0;;0;0;0;;1;;;;;;;;;;;;;;
28.11.;943;1;;0;0;0;;0;;;;;;;;;;;;;;
28.11.;944;1;;0;0;0;;0;;;;;;;;;;;;;;
04.12.;945;;0;0;;;;;;;;1;;;;;;;;;;
04.12.;946;;1;0;;;;;;;;0;;;;;;;;;;
04.12.;947;;0;0;;;;;0;;;1;;;;;;;;;;
04.12.;948;;0;0;;;;;0;;;1;;;;;;;;;;
04.12.;949;;1;0;;;;;0;;;0;;;;;;;;;;
04.12.;950;;0;1;;;;;0;;;0;;;;;;;;;;
04.12.;951;;1;0;;;;;0;;;0;;;;;;;;;;
04.12.;952;;1;0;;;;;0;;;0;;;;;;;;;;
04.12.;953;;0;0;;;;;0;;;1;;;;;;;;;;
04.12.;954;;0;1;;;;;0;;;0;;;;;;;;;;
05.12.;955;0;1;;;0;;;;;;;;;;;;;;;;
05.12.;956;0;1;;;0;;;;;;;;;;;;;;;;
05.12.;957;0;0;;;1;;;;;;;;;;;;;;;;
05.12.;958;0;1;;;0;;;;;;;;;;;;;;;;
05.12.;959;0;1;;;0;;;;;;;;;;;;;;;;
05.12.;960;1;0;;;0;;;;;;;;;;;;;;;;
05.12.;961;1;0;;;0;;;;;;;;;;;;;;;;
05.12.;962;0;1;;;0;;;;;;;;;;;;;;;;
05.12.;963;0;1;;;0;;;;;;;;;;;;;;;;
05.12.;964;1;0;;;0;;0;;;;;;;;;;;;;;
05.12.;965;0;0;;;0;;1;;;;;;;;;;;;;;
05.12.;966;0;0;;;0;;1;;;;;;;;;;;;;;
05.12.;967;0;1;;;0;;0;;;;;;;;;;;;;;
05.12.;968;0;0;;;0;;1;;;;;;;;;;;;;;
05.12.;969;1;0;;;0;;0;;;;;;;;;;;;;;
05.12.;970;0;0;;;0;;1;;;;;;;;;;;;;;
05.12.;971;0;0;;;1;;0;;;;;;;;;;;;;;
05.12.;972;0;1;;;0;;0;;;;;;;;;;;;;;
05.12.;973;0;0;;;1;;0;;;;;;;;;;;;;;
05.12.;974;0;1;;;0;;0;;;;;;;;;;;;;;
05.12.;975;0;0;;;0;;1;;;;;;;;;;;;;;
05.12.;976;0;0;;;1;;0;;;;;;;;;;;;;;
05.12.;977;0;0;;;0;;1;;;;;;;;;;;;;;
05.12.;978;0;1;;;0;;0;;;;;;;;;;;;;;
05.12.;979;1;0;;;0;;0;;;;;;;;;;;;;;
05.12.;980;0;0;;;1;;0;;;;;;;;;;;;;;
05.12.;981;0;1;;;0;;0;;;;;;;;;;;;;;
05.12.;982;1;0;;;0;;0;;;;;;;;;;;;;;
05.12.;983;0;1;;;0;;0;;;;;;;;;;;;;;
05.12.;984;0;0;;;0;;1;;;;;;;;;;;;;;
05.12.;985;0;1;;;0;;0;;;;;;;;;;;;;;
05.12.;986;0;1;;;0;;0;;;;;;;;;;;;;;
05.12.;987;0;0;;;0;;1;;;;;;;;;;;;;;
05.12.;988;0;0;;;0;;1;;;;;;;;;;;;;;
05.12.;989;1;0;;;0;;0;;;;;;;;;;;;;;
05.12.;990;0;1;;;0;;0;;;;;;;;;;;;;;
05.12.;991;0;1;;;0;;0;;;;;;;;;;;;;;
05.12.;992;0;1;;;0;;0;;;;;;;;;;;;;;
05.12.;993;1;0;;;0;;0;;;;;;;;;;;;;;
05.12.;994;0;;;;1;;0;;;;;;;;;;;;;;
05.12.;995;0;;;;0;;1;;;;;;;;;;;;;;
05.12.;996;0;;;;0;;1;;;;;;;;;;;;;;
05.12.;997;0;;;;1;;0;;;;;;;;;;;;;;
05.12.;998;1;;;;0;;0;;;;;;;;;;;;;;
05.12.;999;1;;;;0;;0;;;;;;;;;;;;;;
05.12.;1000;0;;;;0;;1;;;;;;;;;;;;;;
05.12.;1001;1;;;;0;;0;;;;;;;;;;;;;;
05.12.;1002;0;;;;0;;1;;;;;;;;;;;;;;
05.12.;1003;2;;;;0;;2;;;;;;;;;;;;;;
05.12.;1004;0;;;;0;;1;;;;;;;;;;;;;;
05.12.;1005;1;;;;0;;0;;;;;;;;;;;;;;
05.12.;1006;1;;;;0;;0;;;;;;;;;;;;;;
05.12.;1007;1;;;;0;;0;;;;;;;;;;;;;;
23.12.;1008;0;;1;0;0;;0;;;;;;;;;;;;;;
23.12.;1009;0;;0;1;0;;0;;;;;;;;;;;;;;
23.12.;1010;0;;1;0;0;;0;;;;;;;;;;;;;;
23.12.;1011;0;;0;0;0;;1;;;;;;;;;;;;;;
23.12.;1012;0;;0;0;1;;0;;;;;;;;;;;;;;
23.12.;1013;0;;0;0;0;;1;;;;;;;;;;;;;;
23.12.;1014;1;;0;0;0;;0;;;;;;;;;;;;;;
23.12.;1015;0;;0;0;1;;0;;;;;;;;;;;;;;
23.12.;1016;0;;0;1;0;;0;;;;;;;;;;;;;;
23.12.;1017;0;;0;0;0;;1;;;;;;;;;;;;;;
23.12.;1018;1;;0;0;0;;0;;;;;;;;;;;;;;
23.12.;1019;1;;0;0;0;;0;;;;;;;;;;;;;;
23.12.;1020;0;;1;0;0;;0;;;;;;;;;;;;;;
23.12.;1021;1;;0;0;0;;0;;;;;;;;;;;;;;
23.12.;1022;0;;0;1;0;;0;;;;;;;;;;;;;;
23.12.;1023;0;;1;0;0;;0;;;;;;;;;;;;;;
23.12.;1024;0;;1;0;0;;0;;;;;;;;;;;;;;
23.12.;1025;1;;0;0;0;;0;;;;;;;;;;;;;;
23.12.;1026;1;;0;0;0;;0;;;;;;;;;;;;;;
23.12.;1027;0;;0;0;0;;1;;;;;;;;;;;;;;
23.12.;1028;0;;0;1;0;;0;;;;;;;;;;;;;;
23.12.;1029;0;;0;0;1;;0;;;;;;;;;;;;;;
23.12.;1030;0;;0;0;0;;1;;;;;;;;;;;;;;
23.12.;1031;1;;0;0;0;;0;;;;;;;;;;;;;;
23.12.;1032;0;;1;0;0;;0;;;;;;;;;;;;;;
23.12.;1033;0;;0;0;0;;1;;;;;;;;;;;;;;
23.12.;1034;0;;0;0;1;;0;;;;;;;;;;;;;;
23.12.;1035;0;;0;0;0;;1;;;;;;;;;;;;;;
29.12;1036;1;;;0;0;;;;;;;;;;;;;;;;
29.12;1037;1;;;0;0;;;;;;;;;;;;;;;;
29.12;1038;1;;;0;0;;;;;;;;;;;;;;;;
29.12;1039;0;;;0;1;;;;;;;;;;;;;;;;
29.12;1040;0;;;1;0;;;;;;;;;;;;;;;;
29.12;1041;0;;;0;1;;;;;;;;;;;;;;;;
29.12;1042;0;;;1;0;;;;;;;;;;;;;;;;
29.12;1043;1;;;0;0;;;;;;;;;;;;;;;;
29.12;1044;0;;;0;1;;;;;;;;;;;;;;;;
29.12;1045;1;;;0;0;;;;;;;;;;;;;;;;
29.12;1046;1;;;0;0;;;;;;;;;;;;;;;;
29.12;1047;0;;;0;1;;;;;;;;;;;;;;;;
29.12;1048;1;;;0;0;;;;;;;;;;;;;;;;
29.12;1049;0;;;0;1;;;;;;;;;;;;;;;;
29.12;1050;0;;;1;0;;;;;;;;;;;;;;;;
29.12;1051;0;;;1;0;;;;;;;;;;;;;;;;
29.12;1052;1;;;0;0;;;;;;;;;;;;;;;;
29.12;1053;0;;;0;1;;;;;;;;;;;;;;;;
29.12;1054;1;;;0;0;;;;;;;;;;;;;;;;
29.12;1055;1;;;0;0;;;;;;;;;;;;;;;;
29.12;1056;0;;;0;1;;;;;;;;;;;;;;;;
29.12;1057;0;;;0;1;;;;;;;;;;;;;;;;
29.12;1058;0;;;1;0;;;;;;;;;;;;;;;;
29.12;1059;0;;;0;1;;;;;;;;;;;;;;;;
29.12;1060;1;;;0;0;;;;;;;;;;;;;;;;
29.12;1061;1;;;0;0;;;;;;;;;;;;;;;;
29.12;1062;1;;;0;0;;;;;;;;;;;;;;;;
29.12;1063;0;;;0;1;;;;;;;;;;;;;;;;
29.12;1064;2;;;0;2;;;;;;;;;;;;;;;;